Code,Long code,Experiment code,Compound code,Smiles,Centroid res,Downloaded,ConformerSites upload name,CanonSites upload name,CrystalformSites upload name,Quatassemblies upload name,Crystalforms upload name,ConformerSites short tag,CanonSites short tag,CrystalformSites short tag,Quatassemblies short tag,Crystalforms short tag,ConformerSites alias,CanonSites alias,CrystalformSites alias,Quatassemblies alias,Crystalforms alias,Pose,[Other] upload_1 2024-12-12
x0501a,LYSRSCPZ-x0501_A_901_v1,LYSRSCPZ-x0501,Z419995480,O=C(CCCc1ccccc1)N1CCOCC1,LYSRSCPZ-x0602/B/520/B_v1,True,1a - LYSRSCPZ-x0602/B/701,1 - LYSRSCPZ-x0602/B/701/1,F2a - LYSRSCPZ-x0407/A/805/1,A1 - dimer,F2 - P1211,1a - x0602/B/701,1 - x0602/B/701/1,F2a - x0407/A/805,A1 - dimer,F2 - P1211,1a - x0602/B/701,1 - x0602/B/701/1,F2a - x0407/A/805,A1 - dimer,F2 - P1211,x0501a,True
x0501b,LYSRSCPZ-x0501_C_1202_v1,LYSRSCPZ-x0501,Z419995480,O=C(CCCc1ccccc1)N1CCOCC1,LYSRSCPZ-x0602/B/520/B_v1,True,1a - LYSRSCPZ-x0602/B/701,1 - LYSRSCPZ-x0602/B/701/1,F2b - LYSRSCPZ-x0407/C/1202/1,A1 - dimer,F2 - P1211,1a - x0602/B/701,1 - x0602/B/701/1,F2b - x0407/C/1202,A1 - dimer,F2 - P1211,1a - x0602/B/701,1 - x0602/B/701/1,F2b - x0407/C/1202,A1 - dimer,F2 - P1211,x0501a,True
x0407c,LYSRSCPZ-x0407_D_802_v1,LYSRSCPZ-x0407,Z26823525,CCc1nnc(NC(=O)[C@H]2CCCO2)s1,LYSRSCPZ-x0407/C/542/D_v1,True,2a - LYSRSCPZ-x0407/D/802,2 - LYSRSCPZ-x0407/D/802/1,F2i - LYSRSCPZ-x0407/D/802/1,A1 - dimer,F2 - P1211,2a - x0407/D/802,2 - x0407/D/802/1,F2i - x0407/D/802,A1 - dimer,F2 - P1211,2a - x0407/D/802,2 - x0407/D/802/1,F2i - x0407/D/802,A1 - dimer,F2 - P1211,x0407c,True
x0407a,LYSRSCPZ-x0407_A_805_v1,LYSRSCPZ-x0407,Z26823525,CCc1nnc(NC(=O)[C@H]2CCCO2)s1,LYSRSCPZ-x0602/B/520/B_v1,True,1a - LYSRSCPZ-x0602/B/701,1 - LYSRSCPZ-x0602/B/701/1,F2a - LYSRSCPZ-x0407/A/805/1,A1 - dimer,F2 - P1211,1a - x0602/B/701,1 - x0602/B/701/1,F2a - x0407/A/805,A1 - dimer,F2 - P1211,1a - x0602/B/701,1 - x0602/B/701/1,F2a - x0407/A/805,A1 - dimer,F2 - P1211,x0407a,True
x0407b,LYSRSCPZ-x0407_C_1202_v1,LYSRSCPZ-x0407,Z26823525,CCc1nnc(NC(=O)[C@H]2CCCO2)s1,LYSRSCPZ-x0602/B/520/B_v1,True,1a - LYSRSCPZ-x0602/B/701,1 - LYSRSCPZ-x0602/B/701/1,F2b - LYSRSCPZ-x0407/C/1202/1,A1 - dimer,F2 - P1211,1a - x0602/B/701,1 - x0602/B/701/1,F2b - x0407/C/1202,A1 - dimer,F2 - P1211,1a - x0602/B/701,1 - x0602/B/701/1,F2b - x0407/C/1202,A1 - dimer,F2 - P1211,x0407a,True
x0414a,LYSRSCPZ-x0414_A_805_v1,LYSRSCPZ-x0414,Z271007874,C[C@H](N)CN1CCOCC1,LYSRSCPZ-x0602/B/520/B_v1,True,1a - LYSRSCPZ-x0602/B/701,1 - LYSRSCPZ-x0602/B/701/1,F2a - LYSRSCPZ-x0407/A/805/1,A1 - dimer,F2 - P1211,1a - x0602/B/701,1 - x0602/B/701/1,F2a - x0407/A/805,A1 - dimer,F2 - P1211,1a - x0602/B/701,1 - x0602/B/701/1,F2a - x0407/A/805,A1 - dimer,F2 - P1211,x0414a,True
x0414b,LYSRSCPZ-x0414_B_701_v1,LYSRSCPZ-x0414,Z271007874,C[C@H](N)CN1CCOCC1,LYSRSCPZ-x0602/B/520/B_v1,True,1a - LYSRSCPZ-x0602/B/701,1 - LYSRSCPZ-x0602/B/701/1,F2c - LYSRSCPZ-x0414/B/701/1,A1 - dimer,F2 - P1211,1a - x0602/B/701,1 - x0602/B/701/1,F2c - x0414/B/701,A1 - dimer,F2 - P1211,1a - x0602/B/701,1 - x0602/B/701/1,F2c - x0414/B/701,A1 - dimer,F2 - P1211,x0414a,True
x0419b,LYSRSCPZ-x0419_A_805_v1,LYSRSCPZ-x0419,Z274555794,CC(=O)c1cccc(NC(=O)N2CCOCC2)c1,LYSRSCPZ-x0407/C/542/D_v1,True,2a - LYSRSCPZ-x0407/D/802,2 - LYSRSCPZ-x0407/D/802/1,F2j - LYSRSCPZ-x0419/A/805/1,A1 - dimer,F2 - P1211,2a - x0407/D/802,2 - x0407/D/802/1,F2j - x0419/A/805,A1 - dimer,F2 - P1211,2a - x0407/D/802,2 - x0407/D/802/1,F2j - x0419/A/805,A1 - dimer,F2 - P1211,x0419b,True
x0419a,LYSRSCPZ-x0419_A_901_v1,LYSRSCPZ-x0419,Z274555794,CC(=O)c1cccc(NC(=O)N2CCOCC2)c1,LYSRSCPZ-x0602/B/520/B_v1,True,1a - LYSRSCPZ-x0602/B/701,1 - LYSRSCPZ-x0602/B/701/1,F2a - LYSRSCPZ-x0407/A/805/1,A1 - dimer,F2 - P1211,1a - x0602/B/701,1 - x0602/B/701/1,F2a - x0407/A/805,A1 - dimer,F2 - P1211,1a - x0602/B/701,1 - x0602/B/701/1,F2a - x0407/A/805,A1 - dimer,F2 - P1211,x0419a,True
x0419c,LYSRSCPZ-x0419_C_1301_v1,LYSRSCPZ-x0419,Z274555794,CC(=O)c1cccc(NC(=O)N2CCOCC2)c1,LYSRSCPZ-x0602/B/520/B_v1,True,1a - LYSRSCPZ-x0602/B/701,1 - LYSRSCPZ-x0602/B/701/1,F2b - LYSRSCPZ-x0407/C/1202/1,A1 - dimer,F2 - P1211,1a - x0602/B/701,1 - x0602/B/701/1,F2b - x0407/C/1202,A1 - dimer,F2 - P1211,1a - x0602/B/701,1 - x0602/B/701/1,F2b - x0407/C/1202,A1 - dimer,F2 - P1211,x0419a,True
x0421a,LYSRSCPZ-x0421_A_805_v1,LYSRSCPZ-x0421,Z275151340,Cn1cc(Cl)c(C(=O)NC2CCCC2)n1,LYSRSCPZ-x0602/B/520/B_v1,True,1a - LYSRSCPZ-x0602/B/701,1 - LYSRSCPZ-x0602/B/701/1,F2a - LYSRSCPZ-x0407/A/805/1,A1 - dimer,F2 - P1211,1a - x0602/B/701,1 - x0602/B/701/1,F2a - x0407/A/805,A1 - dimer,F2 - P1211,1a - x0602/B/701,1 - x0602/B/701/1,F2a - x0407/A/805,A1 - dimer,F2 - P1211,x0421a,True
x0421b,LYSRSCPZ-x0421_B_612_v1,LYSRSCPZ-x0421,Z275151340,Cn1cc(Cl)c(C(=O)NC2CCCC2)n1,LYSRSCPZ-x0602/B/520/B_v1,True,1a - LYSRSCPZ-x0602/B/701,1 - LYSRSCPZ-x0602/B/701/1,F2c - LYSRSCPZ-x0414/B/701/1,A1 - dimer,F2 - P1211,1a - x0602/B/701,1 - x0602/B/701/1,F2c - x0414/B/701,A1 - dimer,F2 - P1211,1a - x0602/B/701,1 - x0602/B/701/1,F2c - x0414/B/701,A1 - dimer,F2 - P1211,x0421a,True
x0421c,LYSRSCPZ-x0421_C_1202_v1,LYSRSCPZ-x0421,Z275151340,Cn1cc(Cl)c(C(=O)NC2CCCC2)n1,LYSRSCPZ-x0602/B/520/B_v1,True,1a - LYSRSCPZ-x0602/B/701,1 - LYSRSCPZ-x0602/B/701/1,F2b - LYSRSCPZ-x0407/C/1202/1,A1 - dimer,F2 - P1211,1a - x0602/B/701,1 - x0602/B/701/1,F2b - x0407/C/1202,A1 - dimer,F2 - P1211,1a - x0602/B/701,1 - x0602/B/701/1,F2b - x0407/C/1202,A1 - dimer,F2 - P1211,x0421a,True
x0421d,LYSRSCPZ-x0421_D_802_v1,LYSRSCPZ-x0421,Z275151340,Cn1cc(Cl)c(C(=O)NC2CCCC2)n1,LYSRSCPZ-x0602/B/520/B_v1,True,1a - LYSRSCPZ-x0602/B/701,1 - LYSRSCPZ-x0602/B/701/1,F2d - LYSRSCPZ-x0421/D/802/1,A1 - dimer,F2 - P1211,1a - x0602/B/701,1 - x0602/B/701/1,F2d - x0421/D/802,A1 - dimer,F2 - P1211,1a - x0602/B/701,1 - x0602/B/701/1,F2d - x0421/D/802,A1 - dimer,F2 - P1211,x0421a,True
x0426b,LYSRSCPZ-x0426_A_805_v1,LYSRSCPZ-x0426,Z275181224,CCn1cc(CNC(=O)c2cccnc2)cn1,LYSRSCPZ-x0426/B/461/A_v1,True,4a - LYSRSCPZ-x0426/A/805,4 - LYSRSCPZ-x0426/A/805/1,F2p - LYSRSCPZ-x0426/A/805/1,A1 - dimer,F2 - P1211,4a - x0426/A/805,4 - x0426/A/805/1,F2p - x0426/A/805,A1 - dimer,F2 - P1211,4a - x0426/A/805,4 - x0426/A/805/1,F2p - x0426/A/805,A1 - dimer,F2 - P1211,x0426b,True
x0426a,LYSRSCPZ-x0426_D_802_v1,LYSRSCPZ-x0426,Z275181224,CCn1cc(CNC(=O)c2cccnc2)cn1,LYSRSCPZ-x0602/B/520/B_v1,True,1a - LYSRSCPZ-x0602/B/701,1 - LYSRSCPZ-x0602/B/701/1,F2d - LYSRSCPZ-x0421/D/802/1,A1 - dimer,F2 - P1211,1a - x0602/B/701,1 - x0602/B/701/1,F2d - x0421/D/802,A1 - dimer,F2 - P1211,1a - x0602/B/701,1 - x0602/B/701/1,F2d - x0421/D/802,A1 - dimer,F2 - P1211,x0426a,True
x0434a,LYSRSCPZ-x0434_A_901_v1,LYSRSCPZ-x0434,Z27749656,O=C(NCc1ccccc1)c1cccc(F)c1,LYSRSCPZ-x0602/B/520/B_v1,True,1a - LYSRSCPZ-x0602/B/701,1 - LYSRSCPZ-x0602/B/701/1,F2a - LYSRSCPZ-x0407/A/805/1,A1 - dimer,F2 - P1211,1a - x0602/B/701,1 - x0602/B/701/1,F2a - x0407/A/805,A1 - dimer,F2 - P1211,1a - x0602/B/701,1 - x0602/B/701/1,F2a - x0407/A/805,A1 - dimer,F2 - P1211,x0434a,True
x0436a,LYSRSCPZ-x0436_A_805_v1,LYSRSCPZ-x0436,Z277969624,NC(=S)Nc1ccc(OC(F)(F)F)cc1,LYSRSCPZ-x0407/C/542/D_v1,True,2a - LYSRSCPZ-x0407/D/802,2 - LYSRSCPZ-x0407/D/802/1,F2i - LYSRSCPZ-x0407/D/802/1,A1 - dimer,F2 - P1211,2a - x0407/D/802,2 - x0407/D/802/1,F2i - x0407/D/802,A1 - dimer,F2 - P1211,2a - x0407/D/802,2 - x0407/D/802/1,F2i - x0407/D/802,A1 - dimer,F2 - P1211,x0436a,True
x0436b,LYSRSCPZ-x0436_B_801_v1,LYSRSCPZ-x0436,Z277969624,NC(=S)Nc1ccc(OC(F)(F)F)cc1,LYSRSCPZ-x0407/C/542/D_v1,True,2a - LYSRSCPZ-x0407/D/802,2 - LYSRSCPZ-x0407/D/802/1,F2j - LYSRSCPZ-x0419/A/805/1,A1 - dimer,F2 - P1211,2a - x0407/D/802,2 - x0407/D/802/1,F2j - x0419/A/805,A1 - dimer,F2 - P1211,2a - x0407/D/802,2 - x0407/D/802/1,F2j - x0419/A/805,A1 - dimer,F2 - P1211,x0436a,True
x0456a,LYSRSCPZ-x0456_A_805_v1,LYSRSCPZ-x0456,Z287256168,Cc1cccc(C(=O)N[C@H](C)C2CC2)n1,LYSRSCPZ-x0407/C/542/D_v1,True,2a - LYSRSCPZ-x0407/D/802,2 - LYSRSCPZ-x0407/D/802/1,F2i - LYSRSCPZ-x0407/D/802/1,A1 - dimer,F2 - P1211,2a - x0407/D/802,2 - x0407/D/802/1,F2i - x0407/D/802,A1 - dimer,F2 - P1211,2a - x0407/D/802,2 - x0407/D/802/1,F2i - x0407/D/802,A1 - dimer,F2 - P1211,x0456a,True
x0472a,LYSRSCPZ-x0472_A_805_v1,LYSRSCPZ-x0472,Z300245038,CN(Cc1cccc(F)c1)S(N)(=O)=O,LYSRSCPZ-x0472/B/284/A_v1,True,3a - LYSRSCPZ-x0472/A/805,3 - LYSRSCPZ-x0472/A/805/1,F2m - LYSRSCPZ-x0472/A/805/1,A1 - dimer,F2 - P1211,3a - x0472/A/805,3 - x0472/A/805/1,F2m - x0472/A/805,A1 - dimer,F2 - P1211,3a - x0472/A/805,3 - x0472/A/805/1,F2m - x0472/A/805,A1 - dimer,F2 - P1211,x0472a,True
x0472b,LYSRSCPZ-x0472_A_806_v1,LYSRSCPZ-x0472,Z300245038,CN(Cc1cccc(F)c1)S(N)(=O)=O,LYSRSCPZ-x0472/B/284/A_v1,True,3a - LYSRSCPZ-x0472/A/805,3 - LYSRSCPZ-x0472/A/805/1,F2n - LYSRSCPZ-x0472/A/806/1,A1 - dimer,F2 - P1211,3a - x0472/A/805,3 - x0472/A/805/1,F2n - x0472/A/806,A1 - dimer,F2 - P1211,3a - x0472/A/805,3 - x0472/A/805/1,F2n - x0472/A/806,A1 - dimer,F2 - P1211,x0472a,True
x0472c,LYSRSCPZ-x0472_C_1301_v1,LYSRSCPZ-x0472,Z300245038,CN(Cc1cccc(F)c1)S(N)(=O)=O,LYSRSCPZ-x0472/B/284/A_v1,True,3a - LYSRSCPZ-x0472/A/805,3 - LYSRSCPZ-x0472/A/805/1,F2o - LYSRSCPZ-x0472/C/1301/1,A1 - dimer,F2 - P1211,3a - x0472/A/805,3 - x0472/A/805/1,F2o - x0472/C/1301,A1 - dimer,F2 - P1211,3a - x0472/A/805,3 - x0472/A/805/1,F2o - x0472/C/1301,A1 - dimer,F2 - P1211,x0472a,True
x0479c,LYSRSCPZ-x0479_C_1202_v1,LYSRSCPZ-x0479,Z30620520,O=C(C1CC1)N1CCN(c2ccc(F)cc2)CC1,LYSRSCPZ-x0407/C/542/D_v1,True,2a - LYSRSCPZ-x0407/D/802,2 - LYSRSCPZ-x0407/D/802/1,F2i - LYSRSCPZ-x0407/D/802/1,A1 - dimer,F2 - P1211,2a - x0407/D/802,2 - x0407/D/802/1,F2i - x0407/D/802,A1 - dimer,F2 - P1211,2a - x0407/D/802,2 - x0407/D/802/1,F2i - x0407/D/802,A1 - dimer,F2 - P1211,x0479a,True
x0479a,LYSRSCPZ-x0479_A_805_v1,LYSRSCPZ-x0479,Z30620520,O=C(C1CC1)N1CCN(c2ccc(F)cc2)CC1,LYSRSCPZ-x0407/C/542/D_v1,True,2a - LYSRSCPZ-x0407/D/802,2 - LYSRSCPZ-x0407/D/802/1,F2k - LYSRSCPZ-x0479/A/805/1,A1 - dimer,F2 - P1211,2a - x0407/D/802,2 - x0407/D/802/1,F2k - x0479/A/805,A1 - dimer,F2 - P1211,2a - x0407/D/802,2 - x0407/D/802/1,F2k - x0479/A/805,A1 - dimer,F2 - P1211,x0479a,True
x0479b,LYSRSCPZ-x0479_B_801_v1,LYSRSCPZ-x0479,Z30620520,O=C(C1CC1)N1CCN(c2ccc(F)cc2)CC1,LYSRSCPZ-x0407/C/542/D_v1,True,2a - LYSRSCPZ-x0407/D/802,2 - LYSRSCPZ-x0407/D/802/1,F2j - LYSRSCPZ-x0419/A/805/1,A1 - dimer,F2 - P1211,2a - x0407/D/802,2 - x0407/D/802/1,F2j - x0419/A/805,A1 - dimer,F2 - P1211,2a - x0407/D/802,2 - x0407/D/802/1,F2j - x0419/A/805,A1 - dimer,F2 - P1211,x0479a,True
x0483a,LYSRSCPZ-x0483_A_901_v1,LYSRSCPZ-x0483,Z30857828,CC(=O)NCCc1ccc(S(N)(=O)=O)cc1,LYSRSCPZ-x0483/A/207/A_v1,True,5a - LYSRSCPZ-x0483/A/901,5 - LYSRSCPZ-x0483/A/901/1,F2q - LYSRSCPZ-x0483/A/901/1,A1 - dimer,F2 - P1211,5a - x0483/A/901,5 - x0483/A/901/1,F2q - x0483/A/901,A1 - dimer,F2 - P1211,5a - x0483/A/901,5 - x0483/A/901/1,F2q - x0483/A/901,A1 - dimer,F2 - P1211,x0483a,True
x0485b,LYSRSCPZ-x0485_D_901_v1,LYSRSCPZ-x0485,Z30904160,Cc1ccc(F)cc1NC(=O)c1ccncc1,LYSRSCPZ-x0407/C/542/D_v1,True,2a - LYSRSCPZ-x0407/D/802,2 - LYSRSCPZ-x0407/D/802/1,F2i - LYSRSCPZ-x0407/D/802/1,A1 - dimer,F2 - P1211,2a - x0407/D/802,2 - x0407/D/802/1,F2i - x0407/D/802,A1 - dimer,F2 - P1211,2a - x0407/D/802,2 - x0407/D/802/1,F2i - x0407/D/802,A1 - dimer,F2 - P1211,x0485b,True
x0485c,LYSRSCPZ-x0485_A_805_v1,LYSRSCPZ-x0485,Z30904160,Cc1ccc(F)cc1NC(=O)c1ccncc1,LYSRSCPZ-x0407/C/542/D_v1,True,2a - LYSRSCPZ-x0407/D/802,2 - LYSRSCPZ-x0407/D/802/1,F2k - LYSRSCPZ-x0479/A/805/1,A1 - dimer,F2 - P1211,2a - x0407/D/802,2 - x0407/D/802/1,F2k - x0479/A/805,A1 - dimer,F2 - P1211,2a - x0407/D/802,2 - x0407/D/802/1,F2k - x0479/A/805,A1 - dimer,F2 - P1211,x0485b,True
x0485a,LYSRSCPZ-x0485_D_902_v1,LYSRSCPZ-x0485,Z30904160,Cc1ccc(F)cc1NC(=O)c1ccncc1,LYSRSCPZ-x0602/B/520/B_v1,True,1a - LYSRSCPZ-x0602/B/701,1 - LYSRSCPZ-x0602/B/701/1,F2d - LYSRSCPZ-x0421/D/802/1,A1 - dimer,F2 - P1211,1a - x0602/B/701,1 - x0602/B/701/1,F2d - x0421/D/802,A1 - dimer,F2 - P1211,1a - x0602/B/701,1 - x0602/B/701/1,F2d - x0421/D/802,A1 - dimer,F2 - P1211,x0485a,True
x0487b,LYSRSCPZ-x0487_D_901_v1,LYSRSCPZ-x0487,Z30932204,CC(=O)NCc1ccc(S(N)(=O)=O)cc1,LYSRSCPZ-x0407/C/542/D_v1,True,2a - LYSRSCPZ-x0407/D/802,2 - LYSRSCPZ-x0407/D/802/1,F2l - LYSRSCPZ-x0487/D/901/1,A1 - dimer,F2 - P1211,2a - x0407/D/802,2 - x0407/D/802/1,F2l - x0487/D/901,A1 - dimer,F2 - P1211,2a - x0407/D/802,2 - x0407/D/802/1,F2l - x0487/D/901,A1 - dimer,F2 - P1211,x0487b,True
x0487a,LYSRSCPZ-x0487_B_801_v1,LYSRSCPZ-x0487,Z30932204,CC(=O)NCc1ccc(S(N)(=O)=O)cc1,LYSRSCPZ-x0602/B/520/B_v1,True,1a - LYSRSCPZ-x0602/B/701,1 - LYSRSCPZ-x0602/B/701/1,F2e - LYSRSCPZ-x0487/B/801/1,A1 - dimer,F2 - P1211,1a - x0602/B/701,1 - x0602/B/701/1,F2e - x0487/B/801,A1 - dimer,F2 - P1211,1a - x0602/B/701,1 - x0602/B/701/1,F2e - x0487/B/801,A1 - dimer,F2 - P1211,x0487a,True
x0489a,LYSRSCPZ-x0489_A_901_v1,LYSRSCPZ-x0489,Z31217395,CCOC(=O)C1CCN(c2cnccn2)CC1,LYSRSCPZ-x0602/B/520/B_v1,True,1a - LYSRSCPZ-x0602/B/701,1 - LYSRSCPZ-x0602/B/701/1,F1f - LYSRSCPZ-x0489/A/901/1,A1 - dimer,F1 - P21221,1a - x0602/B/701,1 - x0602/B/701/1,F1f - x0489/A/901,A1 - dimer,F1 - P21221,1a - x0602/B/701,1 - x0602/B/701/1,F1f - x0489/A/901,A1 - dimer,F1 - P21221,x0489a,True
x0492a,LYSRSCPZ-x0492_A_901_v1,LYSRSCPZ-x0492,Z31408124,O=C(NCc1ccco1)c1cnccn1,LYSRSCPZ-x0602/B/520/B_v1,True,1a - LYSRSCPZ-x0602/B/701,1 - LYSRSCPZ-x0602/B/701/1,F1f - LYSRSCPZ-x0489/A/901/1,A1 - dimer,F1 - P21221,1a - x0602/B/701,1 - x0602/B/701/1,F1f - x0489/A/901,A1 - dimer,F1 - P21221,1a - x0602/B/701,1 - x0602/B/701/1,F1f - x0489/A/901,A1 - dimer,F1 - P21221,x0492a,True
x0492b,LYSRSCPZ-x0492_B_703_v1,LYSRSCPZ-x0492,Z31408124,O=C(NCc1ccco1)c1cnccn1,LYSRSCPZ-x0602/B/520/B_v1,True,1a - LYSRSCPZ-x0602/B/701,1 - LYSRSCPZ-x0602/B/701/1,F1g - LYSRSCPZ-x0492/B/703/1,A1 - dimer,F1 - P21221,1a - x0602/B/701,1 - x0602/B/701/1,F1g - x0492/B/703,A1 - dimer,F1 - P21221,1a - x0602/B/701,1 - x0602/B/701/1,F1g - x0492/B/703,A1 - dimer,F1 - P21221,x0492a,True
x0540a,LYSRSCPZ-x0540_A_805_v1,LYSRSCPZ-x0540,Z317064236,CC(C)[C@@H]([NH3+])C(=O)N1CCOCC1,LYSRSCPZ-x0602/B/520/B_v1,True,1a - LYSRSCPZ-x0602/B/701,1 - LYSRSCPZ-x0602/B/701/1,F2d - LYSRSCPZ-x0421/D/802/1,A1 - dimer,F2 - P1211,1a - x0602/B/701,1 - x0602/B/701/1,F2d - x0421/D/802,A1 - dimer,F2 - P1211,1a - x0602/B/701,1 - x0602/B/701/1,F2d - x0421/D/802,A1 - dimer,F2 - P1211,x0540a,True
x0540b,LYSRSCPZ-x0540_C_1301_v1,LYSRSCPZ-x0540,Z317064236,CC(C)[C@@H]([NH3+])C(=O)N1CCOCC1,LYSRSCPZ-x0602/B/520/B_v1,True,1a - LYSRSCPZ-x0602/B/701,1 - LYSRSCPZ-x0602/B/701/1,F2b - LYSRSCPZ-x0407/C/1202/1,A1 - dimer,F2 - P1211,1a - x0602/B/701,1 - x0602/B/701/1,F2b - x0407/C/1202,A1 - dimer,F2 - P1211,1a - x0602/B/701,1 - x0602/B/701/1,F2b - x0407/C/1202,A1 - dimer,F2 - P1211,x0540a,True
x0555a,LYSRSCPZ-x0555_A_901_v1,LYSRSCPZ-x0555,Z32386228,COc1ccc(Cl)cc1C(=O)NCC(C)C,LYSRSCPZ-x0602/B/520/B_v1,True,1a - LYSRSCPZ-x0602/B/701,1 - LYSRSCPZ-x0602/B/701/1,F1f - LYSRSCPZ-x0489/A/901/1,A1 - dimer,F1 - P21221,1a - x0602/B/701,1 - x0602/B/701/1,F1f - x0489/A/901,A1 - dimer,F1 - P21221,1a - x0602/B/701,1 - x0602/B/701/1,F1f - x0489/A/901,A1 - dimer,F1 - P21221,x0555a,True
x0602a,LYSRSCPZ-x0602_B_701_v1,LYSRSCPZ-x0602,Z374427992,CC(=O)NCc1ccnc(N(C)C)c1,LYSRSCPZ-x0602/B/520/B_v1,True,1a - LYSRSCPZ-x0602/B/701,1 - LYSRSCPZ-x0602/B/701/1,F2c - LYSRSCPZ-x0414/B/701/1,A1 - dimer,F2 - P1211,1a - x0602/B/701,1 - x0602/B/701/1,F2c - x0414/B/701,A1 - dimer,F2 - P1211,1a - x0602/B/701,1 - x0602/B/701/1,F2c - x0414/B/701,A1 - dimer,F2 - P1211,x0602a,True
x0602b,LYSRSCPZ-x0602_D_802_v1,LYSRSCPZ-x0602,Z374427992,CC(=O)NCc1ccnc(N(C)C)c1,LYSRSCPZ-x0602/B/520/B_v1,True,1a - LYSRSCPZ-x0602/B/701,1 - LYSRSCPZ-x0602/B/701/1,F2d - LYSRSCPZ-x0421/D/802/1,A1 - dimer,F2 - P1211,1a - x0602/B/701,1 - x0602/B/701/1,F2d - x0421/D/802,A1 - dimer,F2 - P1211,1a - x0602/B/701,1 - x0602/B/701/1,F2d - x0421/D/802,A1 - dimer,F2 - P1211,x0602a,True
x0606a,LYSRSCPZ-x0606_A_805_v1,LYSRSCPZ-x0606,Z381474098,O=C(Nc1ccccn1)[C@H]1COCCO1,LYSRSCPZ-x0407/C/542/D_v1,True,2a - LYSRSCPZ-x0407/D/802,2 - LYSRSCPZ-x0407/D/802/1,F2j - LYSRSCPZ-x0419/A/805/1,A1 - dimer,F2 - P1211,2a - x0407/D/802,2 - x0407/D/802/1,F2j - x0419/A/805,A1 - dimer,F2 - P1211,2a - x0407/D/802,2 - x0407/D/802/1,F2j - x0419/A/805,A1 - dimer,F2 - P1211,x0606a,True
x0606b,LYSRSCPZ-x0606_B_801_v1,LYSRSCPZ-x0606,Z381474098,O=C(Nc1ccccn1)[C@H]1COCCO1,LYSRSCPZ-x0407/C/542/D_v1,True,2a - LYSRSCPZ-x0407/D/802,2 - LYSRSCPZ-x0407/D/802/1,F2k - LYSRSCPZ-x0479/A/805/1,A1 - dimer,F2 - P1211,2a - x0407/D/802,2 - x0407/D/802/1,F2k - x0479/A/805,A1 - dimer,F2 - P1211,2a - x0407/D/802,2 - x0407/D/802/1,F2k - x0479/A/805,A1 - dimer,F2 - P1211,x0606a,True
x0606c,LYSRSCPZ-x0606_D_901_v1,LYSRSCPZ-x0606,Z381474098,O=C(Nc1ccccn1)[C@H]1COCCO1,LYSRSCPZ-x0407/C/542/D_v1,True,2a - LYSRSCPZ-x0407/D/802,2 - LYSRSCPZ-x0407/D/802/1,F2i - LYSRSCPZ-x0407/D/802/1,A1 - dimer,F2 - P1211,2a - x0407/D/802,2 - x0407/D/802/1,F2i - x0407/D/802,A1 - dimer,F2 - P1211,2a - x0407/D/802,2 - x0407/D/802/1,F2i - x0407/D/802,A1 - dimer,F2 - P1211,x0606a,True
x0502b,LYSRSCPZ-x0502_A_901_v1,LYSRSCPZ-x0502,Z420276166,Cc1ncsc1C(=O)NCC1CCCC1,LYSRSCPZ-x0502/A/259/A_v1,True,6a - LYSRSCPZ-x0502/A/901,6 - LYSRSCPZ-x0502/A/901/1,F1r - LYSRSCPZ-x0502/A/901/1,A1 - dimer,F1 - P21221,6a - x0502/A/901,6 - x0502/A/901/1,F1r - x0502/A/901,A1 - dimer,F1 - P21221,6a - x0502/A/901,6 - x0502/A/901/1,F1r - x0502/A/901,A1 - dimer,F1 - P21221,x0502b,True
x0502a,LYSRSCPZ-x0502_A_1001_v1,LYSRSCPZ-x0502,Z420276166,Cc1ncsc1C(=O)NCC1CCCC1,LYSRSCPZ-x0602/B/520/B_v1,True,1a - LYSRSCPZ-x0602/B/701,1 - LYSRSCPZ-x0602/B/701/1,F1f - LYSRSCPZ-x0489/A/901/1,A1 - dimer,F1 - P21221,1a - x0602/B/701,1 - x0602/B/701/1,F1f - x0489/A/901,A1 - dimer,F1 - P21221,1a - x0602/B/701,1 - x0602/B/701/1,F1f - x0489/A/901,A1 - dimer,F1 - P21221,x0502a,True
x0502c,LYSRSCPZ-x0502_B_701_v1,LYSRSCPZ-x0502,Z420276166,Cc1ncsc1C(=O)NCC1CCCC1,LYSRSCPZ-x0602/B/520/B_v1,True,1a - LYSRSCPZ-x0602/B/701,1 - LYSRSCPZ-x0602/B/701/1,F1g - LYSRSCPZ-x0492/B/703/1,A1 - dimer,F1 - P21221,1a - x0602/B/701,1 - x0602/B/701/1,F1g - x0492/B/703,A1 - dimer,F1 - P21221,1a - x0602/B/701,1 - x0602/B/701/1,F1g - x0492/B/703,A1 - dimer,F1 - P21221,x0502a,True
x0504c,LYSRSCPZ-x0504_D_802_v1,LYSRSCPZ-x0504,Z422410426,Cc1ncsc1C(=O)NCC(=O)N(C)C,LYSRSCPZ-x0407/C/542/D_v1,True,2a - LYSRSCPZ-x0407/D/802,2 - LYSRSCPZ-x0407/D/802/1,F2i - LYSRSCPZ-x0407/D/802/1,A1 - dimer,F2 - P1211,2a - x0407/D/802,2 - x0407/D/802/1,F2i - x0407/D/802,A1 - dimer,F2 - P1211,2a - x0407/D/802,2 - x0407/D/802/1,F2i - x0407/D/802,A1 - dimer,F2 - P1211,x0504c,True
x0504a,LYSRSCPZ-x0504_A_805_v1,LYSRSCPZ-x0504,Z422410426,Cc1ncsc1C(=O)NCC(=O)N(C)C,LYSRSCPZ-x0602/B/520/B_v1,True,1a - LYSRSCPZ-x0602/B/701,1 - LYSRSCPZ-x0602/B/701/1,F2c - LYSRSCPZ-x0414/B/701/1,A1 - dimer,F2 - P1211,1a - x0602/B/701,1 - x0602/B/701/1,F2c - x0414/B/701,A1 - dimer,F2 - P1211,1a - x0602/B/701,1 - x0602/B/701/1,F2c - x0414/B/701,A1 - dimer,F2 - P1211,x0504a,True
x0504b,LYSRSCPZ-x0504_A_901_v1,LYSRSCPZ-x0504,Z422410426,Cc1ncsc1C(=O)NCC(=O)N(C)C,LYSRSCPZ-x0602/B/520/B_v1,True,1a - LYSRSCPZ-x0602/B/701,1 - LYSRSCPZ-x0602/B/701/1,F2a - LYSRSCPZ-x0407/A/805/1,A1 - dimer,F2 - P1211,1a - x0602/B/701,1 - x0602/B/701/1,F2a - x0407/A/805,A1 - dimer,F2 - P1211,1a - x0602/B/701,1 - x0602/B/701/1,F2a - x0407/A/805,A1 - dimer,F2 - P1211,x0504a,True
x0634a,LYSRSCPZ-x0634_A_805_v1,LYSRSCPZ-x0634,Z449377044,CCOc1ccc(C(N)=O)cn1,LYSRSCPZ-x0602/B/520/B_v1,True,1a - LYSRSCPZ-x0602/B/701,1 - LYSRSCPZ-x0602/B/701/1,F2b - LYSRSCPZ-x0407/C/1202/1,A1 - dimer,F2 - P1211,1a - x0602/B/701,1 - x0602/B/701/1,F2b - x0407/C/1202,A1 - dimer,F2 - P1211,1a - x0602/B/701,1 - x0602/B/701/1,F2b - x0407/C/1202,A1 - dimer,F2 - P1211,x0634a,True
x0634b,LYSRSCPZ-x0634_A_901_v1,LYSRSCPZ-x0634,Z449377044,CCOc1ccc(C(N)=O)cn1,LYSRSCPZ-x0602/B/520/B_v1,True,1a - LYSRSCPZ-x0602/B/701,1 - LYSRSCPZ-x0602/B/701/1,F2a - LYSRSCPZ-x0407/A/805/1,A1 - dimer,F2 - P1211,1a - x0602/B/701,1 - x0602/B/701/1,F2a - x0407/A/805,A1 - dimer,F2 - P1211,1a - x0602/B/701,1 - x0602/B/701/1,F2a - x0407/A/805,A1 - dimer,F2 - P1211,x0634a,True
x0639a,LYSRSCPZ-x0639_A_805_v1,LYSRSCPZ-x0639,Z45527714,CNS(=O)(=O)c1ccccc1Cl,LYSRSCPZ-x0472/B/284/A_v1,True,3a - LYSRSCPZ-x0472/A/805,3 - LYSRSCPZ-x0472/A/805/1,F2n - LYSRSCPZ-x0472/A/806/1,A1 - dimer,F2 - P1211,3a - x0472/A/805,3 - x0472/A/805/1,F2n - x0472/A/806,A1 - dimer,F2 - P1211,3a - x0472/A/805,3 - x0472/A/805/1,F2n - x0472/A/806,A1 - dimer,F2 - P1211,x0639a,True
x0639b,LYSRSCPZ-x0639_C_1301_v1,LYSRSCPZ-x0639,Z45527714,CNS(=O)(=O)c1ccccc1Cl,LYSRSCPZ-x0472/B/284/A_v1,True,3a - LYSRSCPZ-x0472/A/805,3 - LYSRSCPZ-x0472/A/805/1,F2o - LYSRSCPZ-x0472/C/1301/1,A1 - dimer,F2 - P1211,3a - x0472/A/805,3 - x0472/A/805/1,F2o - x0472/C/1301,A1 - dimer,F2 - P1211,3a - x0472/A/805,3 - x0472/A/805/1,F2o - x0472/C/1301,A1 - dimer,F2 - P1211,x0639a,True
x0639c,LYSRSCPZ-x0639_B_801_v1,LYSRSCPZ-x0639,Z45527714,CNS(=O)(=O)c1ccccc1Cl,LYSRSCPZ-x0639/B/353/B_v1,True,7a - LYSRSCPZ-x0639/B/801,7 - LYSRSCPZ-x0639/B/801/1,F2s - LYSRSCPZ-x0639/B/801/1,A1 - dimer,F2 - P1211,7a - x0639/B/801,7 - x0639/B/801/1,F2s - x0639/B/801,A1 - dimer,F2 - P1211,7a - x0639/B/801,7 - x0639/B/801/1,F2s - x0639/B/801,A1 - dimer,F2 - P1211,x0639c,True
x0646a,LYSRSCPZ-x0646_A_805_v1,LYSRSCPZ-x0646,Z466628048,Cc1csc(CNC(=O)c2cc[nH]n2)n1,LYSRSCPZ-x0602/B/520/B_v1,True,1a - LYSRSCPZ-x0602/B/701,1 - LYSRSCPZ-x0602/B/701/1,F2c - LYSRSCPZ-x0414/B/701/1,A1 - dimer,F2 - P1211,1a - x0602/B/701,1 - x0602/B/701/1,F2c - x0414/B/701,A1 - dimer,F2 - P1211,1a - x0602/B/701,1 - x0602/B/701/1,F2c - x0414/B/701,A1 - dimer,F2 - P1211,x0646a,True
x0654a,LYSRSCPZ-x0654_A_805_v1,LYSRSCPZ-x0654,Z509756472,N#Cc1ccc(CNC(=O)N2CCOCC2)cc1,LYSRSCPZ-x0602/B/520/B_v1,True,1a - LYSRSCPZ-x0602/B/701,1 - LYSRSCPZ-x0602/B/701/1,F2c - LYSRSCPZ-x0414/B/701/1,A1 - dimer,F2 - P1211,1a - x0602/B/701,1 - x0602/B/701/1,F2c - x0414/B/701,A1 - dimer,F2 - P1211,1a - x0602/B/701,1 - x0602/B/701/1,F2c - x0414/B/701,A1 - dimer,F2 - P1211,x0654a,True
x0654b,LYSRSCPZ-x0654_C_1301_v1,LYSRSCPZ-x0654,Z509756472,N#Cc1ccc(CNC(=O)N2CCOCC2)cc1,LYSRSCPZ-x0602/B/520/B_v1,True,1a - LYSRSCPZ-x0602/B/701,1 - LYSRSCPZ-x0602/B/701/1,F2b - LYSRSCPZ-x0407/C/1202/1,A1 - dimer,F2 - P1211,1a - x0602/B/701,1 - x0602/B/701/1,F2b - x0407/C/1202,A1 - dimer,F2 - P1211,1a - x0602/B/701,1 - x0602/B/701/1,F2b - x0407/C/1202,A1 - dimer,F2 - P1211,x0654a,True
x0654c,LYSRSCPZ-x0654_D_901_v1,LYSRSCPZ-x0654,Z509756472,N#Cc1ccc(CNC(=O)N2CCOCC2)cc1,LYSRSCPZ-x0602/B/520/B_v1,True,1a - LYSRSCPZ-x0602/B/701,1 - LYSRSCPZ-x0602/B/701/1,F2d - LYSRSCPZ-x0421/D/802/1,A1 - dimer,F2 - P1211,1a - x0602/B/701,1 - x0602/B/701/1,F2d - x0421/D/802,A1 - dimer,F2 - P1211,1a - x0602/B/701,1 - x0602/B/701/1,F2d - x0421/D/802,A1 - dimer,F2 - P1211,x0654a,True
x0675a,LYSRSCPZ-x0675_A_901_v1,LYSRSCPZ-x0675,Z54747696,Clc1cccc(CN2CCOCC2)c1,LYSRSCPZ-x0602/B/520/B_v1,True,1a - LYSRSCPZ-x0602/B/701,1 - LYSRSCPZ-x0602/B/701/1,F2h - LYSRSCPZ-x0675/A/901/1,A1 - dimer,F2 - P1211,1a - x0602/B/701,1 - x0602/B/701/1,F2h - x0675/A/901,A1 - dimer,F2 - P1211,1a - x0602/B/701,1 - x0602/B/701/1,F2h - x0675/A/901,A1 - dimer,F2 - P1211,x0675a,True
x0675b,LYSRSCPZ-x0675_A_805_v1,LYSRSCPZ-x0675,Z54747696,Clc1cccc(CN2CCOCC2)c1,LYSRSCPZ-x0675/D/533/A_v1,True,8a - LYSRSCPZ-x0675/A/805,8 - LYSRSCPZ-x0675/A/805/1,F2t - LYSRSCPZ-x0675/A/805/1,A1 - dimer,F2 - P1211,8a - x0675/A/805,8 - x0675/A/805/1,F2t - x0675/A/805,A1 - dimer,F2 - P1211,8a - x0675/A/805,8 - x0675/A/805/1,F2t - x0675/A/805,A1 - dimer,F2 - P1211,x0675b,True
x0759b,LYSRSCPZ-x0759_B_601_v1,LYSRSCPZ-x0759,Z69092635,Cc1noc(C)c1C(=O)NCCC1=CCCCC1,LYSRSCPZ-x0602/B/520/B_v1,True,1a - LYSRSCPZ-x0602/B/701,1 - LYSRSCPZ-x0602/B/701/1,F1g - LYSRSCPZ-x0492/B/703/1,A1 - dimer,F1 - P21221,1a - x0602/B/701,1 - x0602/B/701/1,F1g - x0492/B/703,A1 - dimer,F1 - P21221,1a - x0602/B/701,1 - x0602/B/701/1,F1g - x0492/B/703,A1 - dimer,F1 - P21221,x0759a,True
x0759a,LYSRSCPZ-x0759_A_645_v1,LYSRSCPZ-x0759,Z69092635,Cc1noc(C)c1C(=O)NCCC1=CCCCC1,LYSRSCPZ-x0602/B/520/B_v1,True,1a - LYSRSCPZ-x0602/B/701,1 - LYSRSCPZ-x0602/B/701/1,F1f - LYSRSCPZ-x0489/A/901/1,A1 - dimer,F1 - P21221,1a - x0602/B/701,1 - x0602/B/701/1,F1f - x0489/A/901,A1 - dimer,F1 - P21221,1a - x0602/B/701,1 - x0602/B/701/1,F1f - x0489/A/901,A1 - dimer,F1 - P21221,x0759a,True
x0787a,LYSRSCPZ-x0787_A_805_v1,LYSRSCPZ-x0787,Z804566442,CCc1ccc(C(=O)NCc2cnn(C)c2)s1,LYSRSCPZ-x0602/B/520/B_v1,True,1a - LYSRSCPZ-x0602/B/701,1 - LYSRSCPZ-x0602/B/701/1,F2d - LYSRSCPZ-x0421/D/802/1,A1 - dimer,F2 - P1211,1a - x0602/B/701,1 - x0602/B/701/1,F2d - x0421/D/802,A1 - dimer,F2 - P1211,1a - x0602/B/701,1 - x0602/B/701/1,F2d - x0421/D/802,A1 - dimer,F2 - P1211,x0787a,True
x0787b,LYSRSCPZ-x0787_A_901_v1,LYSRSCPZ-x0787,Z804566442,CCc1ccc(C(=O)NCc2cnn(C)c2)s1,LYSRSCPZ-x0602/B/520/B_v1,True,1a - LYSRSCPZ-x0602/B/701,1 - LYSRSCPZ-x0602/B/701/1,F2a - LYSRSCPZ-x0407/A/805/1,A1 - dimer,F2 - P1211,1a - x0602/B/701,1 - x0602/B/701/1,F2a - x0407/A/805,A1 - dimer,F2 - P1211,1a - x0602/B/701,1 - x0602/B/701/1,F2a - x0407/A/805,A1 - dimer,F2 - P1211,x0787a,True
