xtal,ligand_name,compound_code
LYSRSCPZ-x0407,LIG,Z26823525
LYSRSCPZ-x0414,LIG,Z271007874
LYSRSCPZ-x0419,LIG,Z274555794
LYSRSCPZ-x0421,LIG,Z275151340
LYSRSCPZ-x0426,LIG,Z275181224
LYSRSCPZ-x0434,LIG,Z27749656
LYSRSCPZ-x0436,LIG,Z277969624
LYSRSCPZ-x0456,LIG,Z287256168
LYSRSCPZ-x0472,LIG,Z300245038
LYSRSCPZ-x0479,LIG,Z30620520
LYSRSCPZ-x0483,LIG,Z30857828
LYSRSCPZ-x0485,LIG,Z30904160
LYSRSCPZ-x0487,LIG,Z30932204
LYSRSCPZ-x0489,LIG,Z31217395
LYSRSCPZ-x0492,LIG,Z31408124
LYSRSCPZ-x0540,LIG,Z317064236
LYSRSCPZ-x0555,LIG,Z32386228
LYSRSCPZ-x0602,LIG,Z374427992
LYSRSCPZ-x0606,LIG,Z381474098
LYSRSCPZ-x0501,LIG,Z419995480
LYSRSCPZ-x0502,LIG,Z420276166
LYSRSCPZ-x0504,LIG,Z422410426
LYSRSCPZ-x0634,LIG,Z449377044
LYSRSCPZ-x0639,LIG,Z45527714
LYSRSCPZ-x0646,LIG,Z466628048
LYSRSCPZ-x0654,LIG,Z509756472
LYSRSCPZ-x0675,LIG,Z54747696
LYSRSCPZ-x0759,LIG,Z69092635
LYSRSCPZ-x0787,LIG,Z804566442
